window_id,project,video_id,video_filename,tester_name,start_time,end_time,duration,text,initial_observation,possible_friction_type,possible_sentiment,possible_narration_type,primary_evidence,notes
tharayil_wa_w024,department-of-premier-and-cabinet-wa,tharayil_wa,project_1f7f2859-ac90-4696-b89f-1077aa6040be_manoj_tharayil.mp4,tharayil,1603.14,1664.339,61.199,"I was expecting, the question was, what, what was I expecting? So I was expecting a section in the website where it is uh coercive control is explained in more simpler terms to people with low literacy. Um, and stuff a PDF. OK. I think the next section is about. Uh, looking at the fact sheet. And what it aims and helps people to do, whether it explains what coercive control is, anything that feels confusing or unclear. So, so when I go here, Open a new tab And then when you click on here. Open that one. I think this is quite good. Or you you control how to help someone.","Tester expected simpler coercive control explanations for low literacy users, while also finding the linked fact sheet generally useful.",F1 Comprehension Friction,mixed,feedback_evaluation,"""explained in more simpler terms to people with low literacy""",Readability and plain-language accessibility concern; positive comment about the fact sheet is secondary.
giuliaclemente26_uq_w040,the-university-of-queensland,giuliaclemente26_uq,project_8aeb4cdb-106f-47c1-b6e6-867344ce673b_giuliaclemente26.mp4,giuliaclemente26,2826.05,2891.81,65.76,"Everything else looked good. OK, so I'm gonna have a look at the uploading of documents. I already did it. But just let me see if there is anything. If you see me very concentrated, it's because I'm looking for a bottle and I can't find it, so. Um, I wanna share my screen, which is not working. Why? She, OK. OK, so let's see this. I don't remember anything difficult in uploading a document.","Tester reports that document upload was not difficult, with a brief off-task/technical aside about screen sharing.",none No observed friction,mixed,task_response,"""I don't remember anything difficult in uploading a document""",No clear website friction in the target task; screen-sharing issue appears external to the UQ flow.
fjone7_suncorp_w041,suncorp-insurance,fjone7_suncorp,project_73052603-e4d8-4aed-a9ce-cc5db15e6355_fjone7.mp4,fjone7,2914.36,2981.32,66.96,"Uh, just not even like in in this scenario it might say a clumsy child, but literally just anybody who accidentally damages contents, um, the accidental damage cover would go really well with that. If you drop, knock over, or otherwise accidentally damage your contents can assist with repair or replacement and then you would click that link to explore more. Um, and then if you really wanted, you can get excess free glass cover for your skylights, showers, home assist, ah, plumber, electricians, in the event of a home emergency complete replacement cover, extra cover portable. OK, so the only cover that would be relevant for my scenario here would be the accidental damage cover, but what I'm gonna do is really quickly check um what is not covered by home and contents insurance. Wear tear and deterioration.",Tester identifies accidental damage cover as the relevant insurance option and continues checking exclusions.,none No observed friction,neutral,task_response,"""the only cover that would be relevant for my scenario here would be the accidental damage cover""",Successful interpretation of product information; no explicit friction in this window.
oliviamitchell22_suncorp_w017,suncorp-insurance,oliviamitchell22_suncorp,project_73052603-e4d8-4aed-a9ce-cc5db15e6355_oliviamitchell22.mp4,oliviamitchell22,1138.16,1202.52,64.36,"Amy app or web chat. Information on all that's cool, that's what I would wanna know, be ready for weather events, flood, storm, cyclone, bushfire, hail, earthquake, uh your claim process, OK, that's good to know, so you check your policy, you take photos, and you gather supporting documents, And they've, what type of support, so you've got emergency support with. Accommodation. Support. OK, and then frequently asked questions. This seems like an all-encompassing page, which is great, it's got information on like, sort of like preventative stuff but also like, active support as well as how to make a claim, support services which is always good, you need to be able to direct people to the other services available,",Tester positively evaluates the claims/weather support page as broad and useful.,none No observed friction,positive,feedback_evaluation,"""This seems like an all-encompassing page, which is great""",Positive feedback on information coverage and support pathways.
terryaflint17_suncorp_w010,suncorp-insurance,terryaflint17_suncorp,project_73052603-e4d8-4aed-a9ce-cc5db15e6355_terryaflint17.mp4,terryaflint17,654.479,716.609,62.13,"Uh I said boom. How do you get a quote in 3 minutes? Yeah, show us now. CGU You know I I mean, 15, John go. Mm Budget, let's say 30%. That one Depending on the price. So 275 online, firestorms, they've covered adjustment low premiums. OK I to direct stand out a bit. Yeah, so I don't think I can do much more than say that there's a hell of a lot of. Insurance companies to look at.",Tester appears overwhelmed by quote/comparison options and many insurance companies to consider.,F7 Excessive Effort,mixed,navigation,"""there's a hell of a lot of insurance companies to look at""",Suggests information overload or comparison complexity rather than a hard blocker.
reececraigie_uq_w009,the-university-of-queensland,reececraigie_uq,project_8aeb4cdb-106f-47c1-b6e6-867344ce673b_reececraigie.mp4,reececraigie,607.14,671.849,64.709,"That, that's what I want to say. Now, with that being said, I'm gonna close off, uh, task one. Thank you. Hello team, it's Reece Craigie here, kicking off task two, UQ website navigation, and I'm the Aboriginal consultant for Semilice. Um, so I understand that I have to go to the, excuse me, UQ homepage. And look at the prospective uh supports for postgraduate students. Um, OK, how I can look at values, navigate relevant information about a Master of Business cos I'm a postgraduate, and finances, OK. Look at usability, accessibility, design factors. Um, as well, and how easily participants can interpret, navigate, and trust key content areas, OK. So I finished my undergraduate business degree a few years ago. I'm interested in, uh, doing postgraduate studies, and I wanna do a Master of Business, OK.",Tester is starting a new UQ navigation task and restating the task goals and scenario.,none No observed friction,neutral,task_response,"""I understand that I have to go to the UQ homepage""",Mostly task setup and orientation; no site issue yet.
margieflint_suncorp_w007,suncorp-insurance,margieflint_suncorp,project_73052603-e4d8-4aed-a9ce-cc5db15e6355_margieflint.mp4,margieflint,504.5,564.669,60.169,"Mhm. Virgin money wouldn't touch that. ING wouldn't touch that, don't know what that is. And then I still don't see NRMA on there, which is interesting. So that obviously didn't make the cheap list. OK. So that's, that's a pretty good website to find out. I guess it depends on what you're looking for in it of course. Um, so it's still back to the original Google page and I'm onto the second page of Google now and again, Honey Insurance is up again on the top. So they're pretty good at pushing there, and I don't know if I trust them. I've never heard of them. Um. Amy's home and contents are $50 off again. I select, well that's one of those comparison things. More compare, a lot of compares on this without having a lot of those um major insurance companies showing.",Tester questions whether search/comparison results are trustworthy and notes expected insurers are missing.,F2 Confidence Friction,mixed,navigation,"""I don't know if I trust them""",Trust and credibility concern in search/comparison pathway; also findability concern around missing major insurers.
info_wa_w026,department-of-premier-and-cabinet-wa,info_wa,project_1f7f2859-ac90-4696-b89f-1077aa6040be_info.mp4,info,1840.26,1902.369,62.109,"Heading level 2 provided by Department of Communities. Linking list 3 items. Share this page with your Facebook. OK, so. This seems like a a. Like a, um, A parent page to the coercive control page that we were looking at earlier, um. The Purpose of this page, I guess is more of a top-level look at the different kinds of um family and domestic violence that exist and, you know, gives you some links to different resources, uh depending on the situation. Um, I would say that just from seeing this, after seeing the coercive control website, Lending Page one, that there's a fair bit of repetition here, uh. And even on this page in itself, skip 2 information and support for Western Australians. Pending level 2, level 1 Lis understanding family and depending level 2, visit level 1 link coercive control. Coercive control is family and domestic violence. Find out more. Pending level 2, level 1 link my situation. So it says control control is family and domestic violence. Find family and domestic violence. Find out more. Heading level 2, level 1 link my situation. Uh, heading 2 level 1, link helplines and support services.",Tester evaluates a parent page and identifies repetition between pages and within the page itself.,F7 Excessive Effort,mixed,feedback_evaluation,"""there's a fair bit of repetition here""",Information architecture and duplication concern may affect clarity and scanning.
ramazankawish_uq_w089,the-university-of-queensland,ramazankawish_uq,project_8aeb4cdb-106f-47c1-b6e6-867344ce673b_ramazankawish.mp4,ramazankawish,6564.58,6629.669,65.089,"Uh, is it easy to read, especially for the people who have limited English, like, uh, and also, um, uh, assistive technology needed for them. So I will go to the link. I'm pretty sure it asked me to sign in again in task 6, so I was not able to sign in. Hopefully in this one it works for me. I have to make another ID and another ID and another ID. I'm not sure one ID when I'm making. That one doesn't work for the next step, so um I will go. Um Log in first, um, I do. The first idea I had. If it works. I hope it works. It worked once. If it doesn't work, I have to make another ID.",Tester anticipates sign-in problems and describes repeated ID/account creation issues.,F7 Excessive Effort,negative,thinking_aloud,"""I have to make another ID and another ID and another ID""",Authentication/account workflow appears to be a recurring blocker; accessibility and limited English are also mentioned.
thanoptions_suncorp_w029,suncorp-insurance,thanoptions_suncorp,project_73052603-e4d8-4aed-a9ce-cc5db15e6355_thanoptions.mp4,thanoptions,2390.989,2477.129,86.14,"Uh Except. Sorry But yeah, it's not playing looks good and it's about the same, so um can you look at, yeah if you could get into the video um.",Tester indicates a video is not playing or cannot be accessed.,F4 Unresponsive Interface,negative,feedback_evaluation,"""it's not playing""",Media playback/access issue; short window with limited context.
mgblackwell2001_suncorp_w012,suncorp-insurance,mgblackwell2001_suncorp,project_73052603-e4d8-4aed-a9ce-cc5db15e6355_mgblackwell2001.mp4,mgblackwell2001,912.469,973.429,60.96,"OK, sure. How do I work this? Same as Exactly is an insured event. OK.",Tester expresses immediate confusion about how to operate the current interaction.,F2 Confidence Friction,negative,thinking_aloud,"""How do I work this?""",Sparse context but direct evidence of interaction confusion.
reneerussell99_suncorp_w016,suncorp-insurance,reneerussell99_suncorp,project_73052603-e4d8-4aed-a9ce-cc5db15e6355_reneerussell99.mp4,reneerussell99,1535.31,1597.52,62.21,"And then I would go to the get a quote link. So I'd read through those terms and conditions and then press I understand. And then this is, to me, that's where the quote process starts, so this pressing I understand puts you straight onto that calculator link, and then um that's how you would start getting a quote for home and contents insurance. So I'm gonna look for information on severe weather, and I believe when I was scrolling the homepage, I saw something about a disaster hub, so I will go and have a look at that again and see if I can find it.",Tester describes a clear path into the quote flow and then searches for severe weather information.,none No observed friction,neutral,navigation,"""that's where the quote process starts""",Task progress appears successful; no explicit friction.
asma_uq_w042,the-university-of-queensland,asma_uq,project_8aeb4cdb-106f-47c1-b6e6-867344ce673b_asma.mp4,asma,3708.659,3794.209,85.55,"I mean, the process of registration looks like just to see how it, it goes in this terms, so. Resides in most of information to read. I think it's good to see like how they described it.",Tester lightly evaluates the registration process and information description as acceptable.,none No observed friction,positive,feedback_evaluation,"""I think it's good to see like how they described it""",No clear friction; short positive evaluation.
laurenrosemetzler_suncorp_w007,suncorp-insurance,laurenrosemetzler_suncorp,project_73052603-e4d8-4aed-a9ce-cc5db15e6355_laurenrosemetzler.mp4,laurenrosemetzler,476.25,537.669,61.419,"Um, but yeah, that is my First impressions. I think how it could be improved, um, For myself, I. Do you like the layout? Um Yeah, perhaps there could be. Some icons next to the words here, um, Or even here, um, And perhaps it could be. Uh, If I have this image here, um, of this spokeswoman. I guess I'm just wondering why this is. An icon again or the uh the UI art again. And why it doesn't really match with that. That's very nitpicky though, um.",Tester suggests visual/icon improvements and notes inconsistent visual style.,F1 Comprehension Friction,mixed,feedback_evaluation,"""perhaps there could be some icons next to the words""",Minor visual clarity and consistency suggestion; tester frames it as nitpicky.
tacitdesign_wa_w021,department-of-premier-and-cabinet-wa,tacitdesign_wa,project_1f7f2859-ac90-4696-b89f-1077aa6040be_tacitdesign.mp4,tacitdesign,1400.5,1469.29,68.79,"OK, so I think I might do a headings list just to see. Sorry, Jules has lost focus. OK. I try and do again things. Hasive control one. What is it? Recognizes silence, emotional abuse, isolation, monitoring, financial control. Social violence. Cultural spirit, children parenting, what to do if you think you might be experiencing coercive control. Are you worry about inmate's behavior. You're worried you might be using coercive control, what would you do?",Tester uses a headings list and mentions focus loss while navigating page sections.,F3 Accessibility Friction,mixed,navigation,"""I might do a headings list""",Screen-reader style heading navigation is central; possible focus issue appears in the transcript.
reececraigie_wa_w041,department-of-premier-and-cabinet-wa,reececraigie_wa,project_1f7f2859-ac90-4696-b89f-1077aa6040be_reececraigie.mp4,reececraigie,2846.05,2918.959,72.909,"And this is great, if you, if you have a question or you want to report a problem, it's good that this is always open here. And the acknowledgement of country stays consistent across all pages in the bottom banner. With that being said, nothing. Nothing extreme for me here. I think it's on, it's on point for what you're trying to achieve there. With that being said, I'm going to close off task 7. Thank you. Hello team, it's Reece Craigie here, Aboriginal consultant for See Me Please. I'm starting task 8, exploring information pathways. OK, so, and over the objective. And um, Want to understand what attracts my attention, how I would choose my pathway, how I'd choose my journey, adventure, and whether the content, uh, Discover feels helpful and informative. So resetting my thinking, exploring the page, um, by clicking on sections that feel most relevant or valuable to me.","Tester gives positive feedback on persistent support/reporting options, then starts a new exploration task.",none No observed friction,positive,task_response,"""it's on point for what you're trying to achieve""",Positive wrap-up plus transition to next task; no clear friction.
giuliaclemente26_uq_w050,the-university-of-queensland,giuliaclemente26_uq,project_8aeb4cdb-106f-47c1-b6e6-867344ce673b_giuliaclemente26.mp4,giuliaclemente26,3536.939,3597.3,60.361,"All right, now. Translate. So Google Authenticator. So I need to install something which is already a pain, but OK. Scan the QR code. And then insert. OK. Otherwise, he inserted this. OK, how, sorry, um, my, I come from a very direct culture. How is a person going to input something like this and remember where they were? Oh my God, OK, I hope I already have Google Authenticator for other reasons. Let me see. Authenticator.",Tester finds the authenticator setup burdensome and worries about remembering where they were in the flow.,F7 Excessive Effort,negative,feedback_evaluation,"""I need to install something which is already a pain""",MFA setup creates workflow burden and potential loss of context.
reececraigie_wa_w043,department-of-premier-and-cabinet-wa,reececraigie_wa,project_1f7f2859-ac90-4696-b89f-1077aa6040be_reececraigie.mp4,reececraigie,2980.449,3051.02,70.571,"You've probably seen organically, I. I do that stuff, even, even from here, I would've, I'm a big control F guy. I can see that it takes me straight to the acknowledgement, but that's probably where I would have started, to be completely natural. And I would have done the same here. Mm, OK. I was looking, I was scanning for, I did see that one was specific for women and children, looking for men, Aboriginal adults.",Tester uses Control-F/scanning to locate relevant audience-specific support information.,F6 Content Not Found,mixed,navigation,"""I was looking, I was scanning for... men, Aboriginal adults""",Findability concern around locating support for specific groups.
ghum_wa_w065,department-of-premier-and-cabinet-wa,ghum_wa,project_1f7f2859-ac90-4696-b89f-1077aa6040be_ghum.mp4,ghum,4523.319,4588.959,65.64,"If I was aware of someone who could see that was needing information and maybe had some cognitive difficulties or if English was not their first language, possibly this resource would be useful, um, because I can't access the resource with my screen reader. I don't. I haven't, I don't know what it, how accessible it is, I'm sorry, I don't know the quality of the content, um, because so much of it is missing. To, you know, so much of it is not visible to my screen reader. So this page is not useful at all to me, um, and it's probably not something I'd recommend to other people cos I don't know what the content is really. Um, it'd have to be a very specific situation where it would be useful. I found the information on the main website much more. Useful and I felt the language was fairly, fairly good in there, as fairly easy to understand in there as well.",Tester cannot access a resource with a screen reader and therefore cannot judge or recommend the content.,F3 Accessibility Friction,negative,feedback_evaluation,"""I can't access the resource with my screen reader""",Severe accessibility barrier: resource content is not visible to the screen reader.
rae_suncorp_w075,suncorp-insurance,rae_suncorp,project_73052603-e4d8-4aed-a9ce-cc5db15e6355_kris_rae.mp4,rae,5107.35,5168.39,61.04,"OK. So in terms of the The questions, um. Scrolling down. Um So It's quite clear that your policy won't be canceled unless Um, without giving you 14 days' notice, that your payment is overdue, like is due, or if it's already 1 month overdue, they may cancel your policy. Um I didn't say anything about being charged. A fee or a penalty.",Tester finds cancellation timing clear but cannot find information about fees or penalties.,F6 Content Not Found,mixed,task_response,"""I didn't say anything about being charged a fee or a penalty""",Missing or unclear policy/payment consequence information.
reececraigie_wa_w012,department-of-premier-and-cabinet-wa,reececraigie_wa,project_1f7f2859-ac90-4696-b89f-1077aa6040be_reececraigie.mp4,reececraigie,826.09,890.349,64.259,"Wow, I love this. I'm looking at the 32nd ad, quick resources I can share, because a bit of a tingles moment for me, I think. I'm thinking of things that I've observed. And resources I can share. And this might be beneficial for you guys to know or not, but, You know, I would use my example of looking at this stuff for a project, for my business, as a way to share this with my network. So perhaps we need to think of innovative ways to get this out there, because I, I'm concerned that this is happening across, uh, people in my, um, ecosystem, let's say. Emotional abuse or isolation, OK, so now I know that I'm, I, I'm witnessing coercive control, I've seen the words freedom, independence, I've seen fear. Um, I've seen anxiety from the, my neighbor.",Tester responds strongly and positively to shareable coercive control resources and connects them to real community concern.,none No observed friction,positive,feedback_evaluation,"""quick resources I can share""","Support/safety relevance is central; no friction, but useful case-study signal."
asma_uq_w014,the-university-of-queensland,asma_uq,project_8aeb4cdb-106f-47c1-b6e6-867344ce673b_asma.mp4,asma,1185.239,1301.93,116.691,What So I could see that the story didn't really work for me. So did I need to see like if I could find a study option here just to see.,Tester says the story/pathway did not work for them and looks for a study option instead.,F2 Confidence Friction,negative,navigation,"""the story didn't really work for me""","Indicates the presented pathway did not support the tester, leading to alternative navigation."
Sharelinsonny_uq_w014,the-university-of-queensland,Sharelinsonny_uq,project_8aeb4cdb-106f-47c1-b6e6-867344ce673b_Sharelinsonny.mp4,Sharelinsonny,953.169,1022.559,69.39,"Business, agriculture science. Hm A sticky type. Agribusiness. Um, my step um Yes, master of Business. I think so. So once I am this first organizations I discovered used to say that, you know, I'm already in the masters of business.",Tester is trying to identify the correct Master of Business option among program/category options.,F6 Content Not Found,neutral,navigation,"""Yes, master of Business. I think so""",Mild uncertainty while locating the correct program; no strong negative reaction.
Sharelinsonny_suncorp_w065,suncorp-insurance,Sharelinsonny_suncorp,project_73052603-e4d8-4aed-a9ce-cc5db15e6355_Sharelinsonny.mp4,Sharelinsonny,4453.009,4518.43,65.421,"In this page. Um, Uh, using this function here and finally, uh. There is a life jets in here. Hm hm dis. As I go, I OK. Um, I want to talk about what I expect to find and how easy it is to get the information. First, I'll look at the main navigation menu. Thank you. I hope for all beheadings like. Um, You know, Uh, something like Taste.",Tester is preparing to evaluate the main navigation and expects clear headings or information pathways.,F6 Content Not Found,neutral,thinking_aloud,"""what I expect to find and how easy it is to get the information""",Mostly setup for navigation evaluation; useful as a prompt-design example for expectations.
gameoverdan_suncorp_w040,suncorp-insurance,gameoverdan_suncorp,project_73052603-e4d8-4aed-a9ce-cc5db15e6355_gameoverdan.mp4,gameoverdan,2719.229,2782.55,63.321,"The homepage. I will say the homepage has done well so far. Uh, Do do do, no, nothing there. OK, so resources. Help center. I got a question. Cancel policy, no insurance. No, no, no, no. hm. Contact us. Ask a question. Yeah Uh OK, so we tried this before, that wasn't it? Um, have a question, give us a call, no, we're doing it online. Doing it online. Claim online.",Tester repeatedly checks help/contact resources while trying to find an online claim path.,F6 Content Not Found,negative,navigation,"""no, we're doing it online. Doing it online. Claim online""",Repeated navigation attempts suggest difficulty locating the online self-service option.
fjone7_suncorp_w087,suncorp-insurance,fjone7_suncorp,project_73052603-e4d8-4aed-a9ce-cc5db15e6355_fjone7.mp4,fjone7,6256.183,6323.5,67.317,"there's no emergency services emergency services. OK. 2? Yes, you can. Insurance purposes I make a claim for the health insurance cover? I make a claim insurance health insurances, payment options my health insurance Ispend my cover. But what happens if I covered for cosmetic surgery aging aging certificate certificate. Can I cancel my policy I change my address my email address copy. And I will say as I sort of scroll through these questions. Um, the first button on each category, cause each category has its own heading, the first button seems to always be expanded.",Tester scans FAQ categories and notes emergency services are not visible while category buttons are expanded.,F6 Content Not Found,mixed,navigation,"""there's no emergency services""",Findability issue within FAQ/category layout; also observes accordion behaviour.
rae_suncorp_w011,suncorp-insurance,rae_suncorp,project_73052603-e4d8-4aed-a9ce-cc5db15e6355_kris_rae.mp4,rae,732.169,796.479,64.31,"There's not that overwhelming amount of information, like you can click into these little things and read it, rather than having like, masses of information. OK, so for task 3, so, for me, my main question would be, um, What's covered. Like what types of cover you can get in terms of home and contents, and then. Um You know, what's covered, what kind of money would I be looking at paying, what, how much cover would I get, um, things like that, so I guess, I'm gonna, I would go into explore home and contents. Um, OK, so what's covered. With a a temporary.",Tester appreciates that information is not overwhelming and begins exploring home and contents cover.,none No observed friction,positive,thinking_aloud,"""There's not that overwhelming amount of information""",Positive reaction to progressive disclosure; no friction in this window.
margieflint_suncorp_w051,suncorp-insurance,margieflint_suncorp,project_73052603-e4d8-4aed-a9ce-cc5db15e6355_margieflint.mp4,margieflint,3570.169,3632.639,62.47,"Uh, let's see, Disaster hub, I imagine that's the same. And then how to make a claim after the winner. Uh, and the city weather. Alert, so back again, and Keep going back, now we've got cyclones, which I imagine happens a lot up in Queensland and Darwin, etc. Western Australia, hail hub, which there's a lot of that, um, storm cover is automatically included, preparation, view the hail preparation list. So I'm seeing Safety After the hall has passed, you can start your claim process, um, let's see if you've got internet, uh. Support before, so again, the hail hub. OK. Previle again. Live chat callers, so they've certainly got the phone numbers there if you need to call somebody. And the phone numbers too for the other emergency services.",Tester navigates disaster/hail support content and notices phone numbers and emergency service links.,none No observed friction,neutral,navigation,"""they've certainly got the phone numbers there""",Successful discovery of support/contact information; no explicit friction.
Sharelinsonny_uq_w026,the-university-of-queensland,Sharelinsonny_uq,project_8aeb4cdb-106f-47c1-b6e6-867344ce673b_Sharelinsonny.mp4,Sharelinsonny,1818.13,1880.76,62.63,"So we can improve it based on your needs, personalized, your online experience with us, you use cookies for different reasons. Some cookies are necessary for technical reasons, while other cookies support things like Analytics or advertising and marketing activities, pixel codes are similar to cookies and a lot making of user action. Regarding Facebook pixel, you can manage your setting within your Facebook account. OK, that's good. Oh, OK. Mm. As I scroll through a section of all the the. It feels quite alone. Written in formal legal language, it's not very user-friendly, and I wouldn't realistically read all of it in detail, so.","Tester finds cookie/privacy text too long, formal, and not user-friendly.",F1 Comprehension Friction,negative,feedback_evaluation,"""formal legal language, it's not very user-friendly""",Clear content readability issue caused by legal language and length.
margieflint_wa_w069,department-of-premier-and-cabinet-wa,margieflint_wa,project_1f7f2859-ac90-4696-b89f-1077aa6040be_margieflint.mp4,margieflint,4885.29,4946.029,60.739,"Feedback I'm assuming is down the bottom where we usually are on these pages, here we go, send feedback. I'll fill in the form. Uh, child protection, disabilities and feedback, general complaints. OK, so I'll fill general complaints. And well this see. Mm And my details. Mm No, it's so sick yeah. Mm, 29. Mary Strange.",Tester expects feedback at the bottom of the page and starts navigating a feedback/complaints form.,none No observed friction,neutral,navigation,"""Feedback I'm assuming is down the bottom""",Feedback pathway is being located through page convention; no clear blocker yet.
ramazankawish_wa_w026,department-of-premier-and-cabinet-wa,ramazankawish_wa,project_1f7f2859-ac90-4696-b89f-1077aa6040be_ramazankawish.mp4,ramazankawish,1874.819,1939.729,64.91,"And find a way how to get out of this situation. Coercive control is family. And domestic violence and it's important to, um, recognize the, the warning signs if you think you might be experiencing coercive control, you should, um, Know that? OK, what's happening? The controlling behavior is not OK. That's the first thing. Controlling behavior is family and domestic violence. It is not your fault. You should not blame yourself, that means. You are not alone. There is support. Contacting a um confidential support service for advice is a good first step. No matter what your situation is, help is available, a self-assessment, um, um.","Tester reads and summarizes support guidance for coercive control, including help availability and self-assessment.",none No observed friction,neutral,reading_page,"""There is support... help is available""",Safety/support content is the focus; mostly reading and interpreting guidance.
Sharelinsonny_wa_w051,department-of-premier-and-cabinet-wa,Sharelinsonny_wa,project_1f7f2859-ac90-4696-b89f-1077aa6040be_Sharelinsonny.mp4,Sharelinsonny,3564.459,3630.969,66.51,"So Overall, the page provides useful information about family and domestic violence and where people can get our help. So it's, the heading is clear, simple explanation, and visible support resource make this page more helpful and for the people who might be looking for information or assistance. I think this is Of me. Hello, I am back at the top of the family and domestic violence page, and I am going to explore it again as if I am looking for more information or support, and I am going to click um. You know, the section that Feel most relevant or useful to understand the issue and find help. So, um, Let me have a look as I scroll down.",Tester positively evaluates the family and domestic violence page and then begins exploring relevant support sections.,none No observed friction,positive,feedback_evaluation,"""the heading is clear, simple explanation, and visible support resource""",Positive feedback on clarity and support visibility.
reececraigie_wa_w067,department-of-premier-and-cabinet-wa,reececraigie_wa,project_1f7f2859-ac90-4696-b89f-1077aa6040be_reececraigie.mp4,reececraigie,4660.729,4726.899,66.17,"Maybe it's my, OK, this is an easy book. Uh, something about the bold. This book has some hard words, this means words that are hard to understand. The first time we write a hard word, the word is in bold. The word will be followed by what it means. Gotcha, OK, gaslight you, this is when someone tries to confuse you on OK, great. Let me jump out of this. OK, so. Uh, my thoughts and reactions, you got that. Please explain whether it's clear who the resource is for, yep. I thought the, I thought the layout was really good. The images were great and powerful, mostly. Um, Nothing felt confusing, I've resolved the whole bold verse meaning after it. I scanned too quickly and assumed that that was going to speak to me, but that's fine what you've done.",Tester evaluates an Easy Read resource positively and says the initial confusion about bold words was resolved.,none No observed friction,positive,feedback_evaluation,"""Nothing felt confusing""",Minor initial misunderstanding was resolved by the resource structure.
giuliaclemente26_uq_w004,the-university-of-queensland,giuliaclemente26_uq,project_8aeb4cdb-106f-47c1-b6e6-867344ce673b_giuliaclemente26.mp4,giuliaclemente26,277.529,341.51,63.981,"So Which one is this? Uh, it's leave me alone. OK, the thing that really bothers me is when They try and have you download things or input things that you haven't even had the time to look at the landing page, like, Get off my back, um. OK, so. This website at a glance looks. Can I say dodgy? Dodgy to me in the sense where it seems to me those online courses from providers that give, heaps of different courses, kind of boot camps, um, And there are not really.",Tester is frustrated by being asked to download or input information before understanding the landing page and questions site credibility.,F2 Confidence Friction,negative,feedback_evaluation,"""download things or input things that you haven't even had the time to look at the landing page""",Expectation mismatch and trust/credibility concern; tester describes the site as dodgy.
ghum_wa_w029,department-of-premier-and-cabinet-wa,ghum_wa,project_1f7f2859-ac90-4696-b89f-1077aa6040be_ghum.mp4,ghum,2043.0,2103.35,60.35,"Um, and so there's some guidance on how to interact with the person. Who you're concerned about. We must, we must, room share toolbar, window, system dialogue, record to this computer. Safari, Safari, HTTPS College. Um, this might be quite a quick task, um, empty group. So I've clicked on the file, the, um, the PDF. Page one containing. And Empty group, page one containing in page one containing content page one containing empty group. Page one containing empty group. Page one containing page one containing out of my content, close button, page one containing. So. It's not the sort of file I would keep, um. Yeah, I've got no access to the the content in here at all. Uh, it might be something I could use an app on my phone to try and do some OCR. Um. Uh Let's see, Phil.",Tester opens a PDF but cannot access the content with their screen reader.,F3 Accessibility Friction,negative,feedback_evaluation,"""I've got no access to the content in here at all""",Severe PDF accessibility issue; possible need for OCR or accessible PDF remediation.
ghum_suncorp_w025,suncorp-insurance,ghum_suncorp,project_73052603-e4d8-4aed-a9ce-cc5db15e6355_ghum.mp4,ghum,1761.68,1832.67,70.99,"More about accidental, we offer cover for accidental loss or damage for building insurance. What's included, Heading level 2, constructed breaking a window, image. Want to add this to your existing policy? Get a quote. Available as an optional cover with our any combined home and accidental damage at home heading level 1. Heading not found. What's included, heading level 2. How to get any optional accidental damage at home, heading level 2. OK. New customer. Add any accidental damage at home optional cover to your any combined home and contents. A building or any contents quote for an additional premium. It's not easy. Get a quote. Existing customer, call us on to add accident. What is any accidental damage at home? Heading level 2. AAA's accidental damage at home is an optional cover which you can add to your. Visited Amy combined home and contents, comma. Amy building only or Ay contents only. Insurance policy, this cover can be, this coverage if you're worried about loss or damage caused by accidents around the house. If you accidentally drop, knock, steal or otherwise damage something at home, and it is covered by the policy. This optional cover can assist with repair or replacement. It can apply to your house itself, your contents, or both, depending on your policy. Frequently asked questions, heading level 2, any accidental damage at home. Am I covered for accidental damage button. If you haven't. Visited Amy home and contents, Amy building only. 4. Amy content insurance policy, your building and contents are covered for loss or damage caused by insured events such as fire, storm, you have the option of also covering the building in end of Maine. Content information. Got a question? Ask the Amy virtual close button, chat button, navigation. List 4 items, products 104, List 7 items, level 2. OK, so yeah. Frequently asked question, what is any accidental damage at home? How to get any optional accidental damage at home? What's included? Heading level 2. Accidental damage at home, Heading level 1. Heading not found. What's included, Heading level 2. Accidental damage at home, heading level 1. What did that all come down to Visited explore accidental damage at home main HDTPS colon slash slash. How much extra of those other benefits? Heading level 2.",Tester uses screen-reader heading navigation and finds the page/quote path difficult.,F3 Accessibility Friction,negative,navigation,"""Heading not found... It's not easy""",Screen-reader navigation and heading structure appear to create friction; also linked to quote pathway.
Sharelinsonny_uq_w004,the-university-of-queensland,Sharelinsonny_uq,project_8aeb4cdb-106f-47c1-b6e6-867344ce673b_Sharelinsonny.mp4,Sharelinsonny,267.399,333.79,66.391,"OK, so I think um I think search more. Like, uh, Maybe masters of business. Australian uni. Uh She from the Institute of Business. And multiple 3. It's just a, it's a few options here. It is also the same as the So here are some top of Australians in university. This one, Melbourne, no need for business program and research output, offers a Master of Business affairs specialization.",Tester searches externally for Master of Business options and reviews multiple university results.,F6 Content Not Found,neutral,navigation,"""Maybe masters of business. Australian uni""",External search behaviour suggests findability/exploration rather than direct site success.
Sharelinsonny_uq_w056,the-university-of-queensland,Sharelinsonny_uq,project_8aeb4cdb-106f-47c1-b6e6-867344ce673b_Sharelinsonny.mp4,Sharelinsonny,3986.55,4051.57,65.02,OK Check here. Asking about the I wanna choose the my availability. Mm. It's that on. This is my field of study. What's that mean? Probably just search.,Tester is confused by a field label while trying to choose availability or field of study.,F1 Comprehension Friction,negative,thinking_aloud,"""What's that mean?""",Form label or category terminology is unclear.
reneerussell99_uq_w009,the-university-of-queensland,reneerussell99_uq,project_8aeb4cdb-106f-47c1-b6e6-867344ce673b_reneerussell99.mp4,reneerussell99,791.89,864.679,72.789,"You know, I'll press the register button and see what happens. OK, please answer the question citizenship status. I didn't see that, um. Let me just have another look back through. Oh, that's interesting, it's right up the top. OK, I was expecting that to be, um, where it's asking like, are you an Australian citizen, do you intend to apply for a student visa, OK, let me um. Let me answer this. Now I'll try and register again.",Tester misses a citizenship status question and expected it to appear near related visa/citizenship fields.,F2 Confidence Friction,mixed,navigation,"""I didn't see that... I was expecting that to be""",Form validation/field placement issue interrupts registration attempt.
info_wa_w014,department-of-premier-and-cabinet-wa,info_wa,project_1f7f2859-ac90-4696-b89f-1077aa6040be_info.mp4,info,1003.82,1070.599,66.779,"A national sexual assault domestic family violence counseling service. Phone 1,800-737-70032. Roll at 205. Visit Link Women's domestic violence helpline. Provide support for women with or without children who are 1,8007 339. SAR 35. Link men's dostic provides cell phone information 1800-000. This helpline is operated by Link provides free supporting 1,800 500 bullet. Link concerns if you are concerned about 1,800 270 if you are calling outside 1,800 190 and provides Western must child protection and a list. Heading level 2, raise awareness about coercive control. We all have a role to play in preventing family and domestic violence. Raising awareness in our communities or on social media can help others spot the signs. Find out how to. Link help raise awareness about coercive control and family and then you can also find out how to link stand up against family and promote respect. Heading level 2, see also some pages region. Heading level 2, level 1 link on the of the page. Heading level 2, level 1 my situation. Support and advice for the different types of situations you find out the different types of abuse, how it impacts everyone stand up against it. Pending level 2, level 1, like understanding family and domestic violence. Subpages region. Pending level 2 also pending 21 understanding. Find out the different types of pending level 2 level support and pending level 2. Find social media spend at some pages region. Pending level 2 other helpful resources. Learn more about coercive control. Link, link, link, link, link, pading level 2 provided by. Look, it's a good landing page. It sort of lays it all out. You got the different scenarios there, and you can just follow the pathway of, you know, if you think someone is being abusive, you can sort of follow that pathway and get some advice on how to approach that conversation or what to do in that situation. I think that's really clear.",Tester is reading helpline and support service information through a screen-reader style transcript.,none No observed friction,neutral,reading_page,"""Women's domestic violence helpline""",Support service content is central; no explicit negative evaluation in this window.
info_wa_w027,department-of-premier-and-cabinet-wa,info_wa,project_1f7f2859-ac90-4696-b89f-1077aa6040be_info.mp4,info,1902.9,1967.156,64.256,"Heading level 2, level 1, link, safety tools. Find out more about the tools and support. Heading level 2, ways you can support and assist someone experiencing family. Heading Level 2, level 1, Link, Help raise awareness. Find social media Heading Level 2, level 1. Link, promoting respectful relationships. Find out what healthy relationships look like. Heading Level 2, Level 1, Li, prevention of family and domestic violence. The Department of Communities is working to our vision of the Western Australia. We're all heading level 2. Western Australia's strategy to reduce Western Australia's strategy to reduce family and domestic level 2 family and domestic violence find resources and petting petting find resources and translations to help raise awareness about control. Heading Level 2. Other useful links. Heading level 2 provided by heading level 2 lists 7 items. Wallet 1 of 7, 16 days in WA. Wallet link link is external. Wallet 3 of link Link is heading level 2 provided by Department of Communities. Link government of Western heading heading level 2, Family and domestic violence resources. Maybe it wasn't coercive control a couple of times on this page. Link translated resources and like how, you know, I guess there's different aspects of it, but it is still a bit of repetition. And um maybe makes it a little bit more convoluted. Like you've got your support lines up the top here and then you've got a whole heading for them again like you um level 2 level 1 I want to help someone experiencing hope I'm making sense. 2, level 1 promoting respectful relationships. uh, but like generally it is all pretty clear. The main accessibility issues I'm seeing on this page are the main menu at the top.","Tester reads a list of page headings and links for safety tools, resources, and prevention information.",none No observed friction,neutral,reading_page,"""Heading level 2... safety tools""",Mostly screen-reader reading/navigation output without an explicit friction judgement.
ramazankawish_wa_w075,department-of-premier-and-cabinet-wa,ramazankawish_wa,project_1f7f2859-ac90-4696-b89f-1077aa6040be_ramazankawish.mp4,ramazankawish,5344.43,5414.24,69.81,"For general complaints and feedback about the Department of Communities. Whether you are here. OK. Um, I'm struggling to find the feedback page, to be honest. Do we have domestic violence here? No. Maybe I go to court safe. Control and put my feet back in there. I think at the end of each headline headings there is. Um, An option to put your feet back. No, actually it's not.",Tester struggles to locate the feedback page or appropriate feedback route.,F6 Content Not Found,negative,navigation,"""I'm struggling to find the feedback page""",Clear findability issue for feedback/complaints pathway.
fjone7_uq_w066,the-university-of-queensland,fjone7_uq,project_8aeb4cdb-106f-47c1-b6e6-867344ce673b_fjone7.mp4,fjone7,4810.27,4877.49,67.22,"Right. Let's upload a file. We have a standard file upload dialogue fairly accessible for me, where you can just shift tab, or you can search and type file parts and you just hit enter on the file you want to upload. So I'm in my downloads test data for UQ. 13.4 attachments. Additional attachments, I have none, but normally attached the following qualification? Would you like that? Would I like to add another qualification? No, thank you. Excluded or refused entry criterion has never been refused relevant. OK, so you can, um, you can put work experience in a CV or through the fields below. For a Master of Business, I don't think that's necessarily as relevant as your academics.",Tester reports the file upload dialogue is accessible and proceeds through attachment questions.,none No observed friction,positive,task_response,"""standard file upload dialogue fairly accessible for me""",Positive accessibility-related observation; no friction in this upload step.
tianarosie1_wa_w015,department-of-premier-and-cabinet-wa,tianarosie1_wa,project_1f7f2859-ac90-4696-b89f-1077aa6040be_tianarosie1.mp4,tianarosie1,1049.93,1119.569,69.639,"arrangement. Sorry, I'm silent because it's very accusations. Uh, informative and it's very sort of. Uh, not jarring, but like very. Full-on to read all of the examples that could be part of coercive control, um, so from all of that, obviously the neighbor in the scenario is experiencing coercive control, and then here's what to do. And then it talks about support services, so, yeah. Uh, I did kind of do this already in the previous task, but essentially I'm gonna read the page top to bottom and sort of have a look at its usability.",Tester finds coercive control examples informative but emotionally heavy/full-on to read.,F7 Excessive Effort,mixed,feedback_evaluation,"""very full-on to read all of the examples""",Sensitive content impact is central; not a usability blocker but important for case-study interpretation.
marychaunguyen_suncorp_w011,suncorp-insurance,marychaunguyen_suncorp,project_73052603-e4d8-4aed-a9ce-cc5db15e6355_marychaunguyen.mp4,marychaunguyen,825.169,905.89,80.721,"It can be more simple I guess for a homepage, simpler, um, maybe just listing main, um, insurance policies, like for example, home, car, business, etc. and then have all the drop-downs, there's just so much to go through, for someone who's doing, who's using a um voiceover, there's a lot to listen to, to go to where I need to get to, I guess, as a first time user, um, I guess if I went through headings it'd be it'd be different. Um, I can scroll through it quicker, I guess, um, but because I'm using, I'm just, I'm just going line by line at the moment here, that's just my feel at the moment if I'm if I'm reading it from top to bottom. Um, there's a couple of things that were a bit confusing, the scroll left, scroll or right, I don't know what that's used for. I pressed it, but nothing really happened, I don't know. I don't know what that's for, so that was a bit confusing there. Yeah, there's a lot of information, um, great that there's a lot of deals and stuff like that, which is great, maybe, you know, um, save, maybe have a banner at the top or something that's to say, yeah, you can save from $25 you know, if you go into whatever policies instead of having it listed out, um, each and every one on the main homepage. Um, other than that, yeah, it, to me, the feel is, there's a lot there.",Tester using VoiceOver finds the homepage information-heavy and some horizontal scroll controls confusing or nonresponsive.,F3 Accessibility Friction,mixed,feedback_evaluation,"""using a voiceover, there's a lot to listen to""",Accessibility and information overload issue; secondary interaction issue with scroll controls.
fjone7_uq_w098,the-university-of-queensland,fjone7_uq,project_8aeb4cdb-106f-47c1-b6e6-867344ce673b_fjone7.mp4,fjone7,7097.37,7179.27,81.9,"So I've gone control home. This is recording, yes. Good. Yeah, awesome. Uh, and I'm gonna arrow down to the link that says My Account, and then we'll go from there. I mean, uh, yep, My Account. Heading down, multi-factor authentication. I'm gonna click on the link, heading down again. And then I've gone down another heading because the My Account. Hitting still had the same three links, changed my password, something else I can't remember, and then into MFA. So here we are MFA OK authentication password will be registered email address. Yeah. Hang on. What if we go authenticator app? What's this do? I actually would have preferred, before I do this, um, I actually would have preferred SMS notification because it's faster, um, and sure you can do email passwords, but like, what happens if your email account's compromised? Um, I mean, I, I have MFA on my email as well.",Tester navigates MFA information and raises security/preference concerns about authentication options.,F2 Confidence Friction,mixed,thinking_aloud,"""what happens if your email account's compromised?""",Security trust and MFA option preference are central; not purely a navigation issue.
thanoptions_uq_w008,the-university-of-queensland,thanoptions_uq,project_8aeb4cdb-106f-47c1-b6e6-867344ce673b_thanoptions.mp4,thanoptions,831.239,899.479,68.24,"OK, so now we're gonna do task number 2. Um, so task two, it's a little bit more work, so I'll, I'll see if I can do that in, in the time just, um, reading through it. OK. Um, the website looks nice. I like it. It's nice and simple, it's clear, not too cluttered. Mm Um, the search function, that's really good. I like how easy it is to find the search function. Mm Um, it's got a case, so it's got the campuses information, that's good. I like that that's very quick to find.","Tester gives positive first impressions of the UQ site, especially simplicity and search findability.",none No observed friction,positive,feedback_evaluation,"""nice and simple, it's clear, not too cluttered""",Positive usability observation; no friction.
mgblackwell2001_suncorp_w006,suncorp-insurance,mgblackwell2001_suncorp,project_73052603-e4d8-4aed-a9ce-cc5db15e6355_mgblackwell2001.mp4,mgblackwell2001,426.51,504.029,77.519,"Things along those lines. Yeah. Beginning Amy's insurance service offering, and actually I want you to complete the request a quote form at this stage we're interested in understanding how a participants intuitively search for and navigate the Amy website to understand the services it offers. Seeming, seeming now to looking for home and contents insurance shows how you would navigate. To find information about home and contents insurance. From there, show us how you would navigate information to answer the key question on your mind. Is it clear and simple to understand what Amy offers? Please show us the point where you would generate a quote on the cover that you're curious about, but don't actually commence with form. I want to know how prospective customers navigate the AMI website to find information you're looking for. We're trying to assess whether search and navigation keys prospective of customers to accurate, relevant, trustworthy results about insurance options available.",Window mainly contains the task prompt and the tester restating what the navigation task requires.,none No observed friction,neutral,reading_page,"""how prospective customers navigate the AMI website to find information""","Task instruction reading, not a user friction event."
rae_uq_w052,the-university-of-queensland,rae_uq,project_8aeb4cdb-106f-47c1-b6e6-867344ce673b_kris_rae.mp4,rae,3702.52,3764.83,62.31,"Um, and then so it's taken me to the same spot and I've said how to contact us about so and this is the application help and contact. Um, So if I go back, let's see. Um, Yeah, so I've explored a couple of different areas, like a couple of different ways that I could find, like get to that point. Um, so there's quite a lot of options depending on the circumstances on how to submit feedback, um, so I guess there, there is the opportunity or there is, um, some room where there could be errors like where enquiries I guess could be sent to the incorrect, um, team.",Tester finds several ways to reach feedback/help but notes that many options could route enquiries incorrectly.,F2 Confidence Friction,mixed,feedback_evaluation,"""quite a lot of options... enquiries... could be sent to the incorrect team""",Information architecture/routing clarity concern around contact or feedback options.
oliviamitchell22_suncorp_w007,suncorp-insurance,oliviamitchell22_suncorp,project_73052603-e4d8-4aed-a9ce-cc5db15e6355_oliviamitchell22.mp4,oliviamitchell22,471.429,533.5,62.071,"Uh, what else is there? Third party car? What does that mean? Uh, motorcycle, nope. Motor, what's third party? I have no clue. Caravan insurance, that's not me. Home and contents, OK, I think that's what we were looking at, so, what this sort of project is looking at, so. Seems like there's a good discount there. AMI driving test, for promotion, Uh, weather, yep, nice. Um, oh, I do like when they have, um, reviews, I just feel like. They do speak to the experience. Uh, Seems like there's quite a good backing there. That's really nice.","Tester does not understand the insurance term third party, while also giving positive feedback on reviews and backing.",F1 Comprehension Friction,mixed,thinking_aloud,"""What does that mean? ... I have no clue""",Insurance terminology clarity issue; positive trust signal from reviews is secondary.
